first,last,phone,mobile,group1,group2,group3,country,city,postal_code,company,street,title,department,homepage
Marcela,McNevin,+46-119-157-4157,+380 (559) 481-7995,beta,Gamma Nested,omega nested,SE,Stockholm,111 76,Rowe LLC,28 Gateway Road,Mr,Legal,http://booking.com
Perceval,Pietraszek,,,beta,,,,,,,,,,
Merrili,Fideler,,,Gamma Nested,,,,,,,,,,
Milka,Barten,,,alpha,,,,,,,,,,
Maighdiln,Trevascus,+64-814-896-6649,+62 (108) 816-4081,alpha,alpha,beta,NZ,Thames,3540,"Kemmer, Lesch and Leffler",30088 Aberg Park,Dr,Engineering,http://oracle.com
Rachel,Stockings,+7-118-120-8677,+86 (908) 723-3030,Gamma Nested,beta,Gamma Nested,KZ,Belūsovka,,Ortiz and Sons,14 Maple Wood Center,Honorable,Marketing,https://bloglines.com
Barnard,McNeil,+86-267-332-0128,+27 (827) 426-5213,omega nested,Gamma Nested,Gamma Nested,CN,Wuyanquan,,Considine Inc,2 Ruskin Avenue,Honorable,Research and Development,https://ezinearticles.com
Morganica,Kenen,+86-683-244-2967,+63 (190) 585-9103,beta,omega nested,omega nested,CN,Zhili,,"Trantow, Bayer and Wisozk",7 Cody Plaza,Dr,Human Resources,https://cbc.ca
Daryl,Forker,+57-445-331-0108,+98 (405) 829-9939,beta,Gamma Nested,omega nested,CO,Guamo,733558,Flatley-Lesch,7336 Beilfuss Place,Rev,Training,https://weebly.com
Abbe,Hulance,+55-268-957-7913,+86 (171) 767-7326,beta,Gamma Nested,omega nested,BR,Frederico Westphalen,98400-000,Littel and Sons,0 Scoville Circle,Ms,Training,https://about.com
Joni,Padula,,,alpha,,,,,,,,,,
Artemus,Mathou,+7-347-783-8298,+48 (403) 801-1897,omega nested,Gamma Nested,alpha,RU,Karpogory,396841,Hermiston-Parisian,96 Kenwood Trail,Ms,Research and Development,http://comsenz.com
Kandy,Ower,+86-238-907-6795,+381 (956) 262-6068,Gamma Nested,omega nested,alpha,CN,Shangshuai,,"Blick, O'Conner and Mohr",6163 Shelley Terrace,Mr,Legal,https://gravatar.com
Rafferty,Ilson,+7-517-971-1659,+86 (505) 978-3055,Gamma Nested,omega nested,beta,RU,Goyty,366502,"Robel, Roob and Rutherford",48736 Kipling Circle,Ms,Marketing,https://mashable.com
Marillin,Boadby,,,beta,,,,,,,,,,
Gretta,Schrei,,,alpha,,,,,,,,,,
Donna,Lindborg,+60-905-206-5154,+993 (191) 483-0566,Gamma Nested,Gamma Nested,beta,MY,Kota Bharu,15740,"Doyle, Hartmann and McGlynn",008 Green Ridge Court,Dr,Human Resources,https://ucsd.edu
Zebulon,Strattan,+66-593-865-4100,+355 (535) 608-9322,,beta,alpha,TH,Betong,95110,Kihn-Kunze,7377 Rigney Street,Mr,Support,http://forbes.com
Burg,MacKniely,,,Gamma Nested,,,,,,,,,,
Xena,Guiu,+55-617-836-0327,+62 (190) 597-9626,beta,omega nested,alpha,BR,Tucuruí,68455-000,"Ratke, Kulas and Rath",4965 Macpherson Hill,Dr,Support,https://vk.com
Dillon,Laight,+48-550-372-0248,+86 (269) 557-1540,beta,alpha,alpha,PL,Kowala,26-680,"Prosacco, Walker and Kirlin",584 Hollow Ridge Parkway,Mrs,Product Management,http://geocities.com
Ulysses,McMahon,,,omega nested,,,,,,,,,,
Marla,MacRorie,+967-201-776-1478,+86 (961) 464-3096,alpha,omega nested,alpha,YE,Al Wuday‘,,Dicki-Howell,587 Erie Street,Mr,Accounting,http://china.com.cn
Marjie,Oakwood,,,,,,,,,,,,,
Angelle,Heijne,,,omega nested,,,,,,,,,,
Abigail,McGahey,+63-311-854-8593,+850 (975) 403-0801,beta,beta,beta,PH,De la Paz,7105,"Harber, Ritchie and Bosco",70 Boyd Pass,Rev,Business Development,http://51.la
Alanna,Flight,,,Gamma Nested,,,,,,,,,,
Cary,O'Mailey,,,,,,,,,,,,,
Cole,Youel,+850-279-412-8899,+57 (269) 430-2975,beta,omega nested,alpha,KP,Hamhŭng,,Conroy-Lind,6 Eastwood Way,Rev,Marketing,http://wufoo.com
Luis,Baynton,,,,,,,,,,,,,
Jessamyn,Halburton,,,,,,,,,,,,,
Andris,Clemot,+48-579-994-1887,+30 (945) 874-1572,alpha,omega nested,alpha,PL,Krasnystaw,22-300,"Fritsch, Grimes and Morissette",8 Larry Street,Mr,Human Resources,http://sourceforge.net
Enrique,Clara,,,,,,,,,,,,,
Marge,Robers,+62-309-439-2945,+55 (950) 657-8807,beta,omega nested,omega nested,ID,Krajansumbermujur,,Walter and Sons,64 Hoffman Junction,Honorable,Research and Development,https://acquirethisname.com
Giralda,Graffham,+374-976-615-4030,+46 (701) 661-2207,,beta,beta,AM,Gandzak,,Anderson-Walsh,82 Rockefeller Terrace,Honorable,Accounting,https://123-reg.co.uk
Burnard,Sambells,+66-455-911-6257,+66 (250) 419-1400,omega nested,omega nested,omega nested,TH,Kut Bak,47180,"Lind, Raynor and Pagac",453 Mifflin Parkway,Dr,Marketing,https://wunderground.com
Jerrilyn,Hubbins,,,,,,,,,,,,,
Elie,Vasyunin,,,beta,,,,,,,,,,
Ringo,Greeveson,,,,,,,,,,,,,
Branden,Carus,,,beta,,,,,,,,,,
Geri,McEvoy,+86-895-289-7314,+86 (587) 505-3858,omega nested,beta,alpha,CN,Peimei,,Nicolas and Sons,9162 Moland Terrace,Dr,Sales,http://globo.com
Angil,L'Amie,,,,,,,,,,,,,
Harald,Hymer,+36-323-942-0739,+52 (443) 937-2924,beta,omega nested,beta,HU,Zselickislak,7404,"Marks, Fahey and Connelly",04597 Springview Terrace,Mr,Research and Development,http://squarespace.com
Isabelle,Fernao,,,,,,,,,,,,,
Jermayne,Christal,+86-908-928-6529,+46 (215) 870-1575,omega nested,alpha,alpha,CN,Shiguai,,"Abshire, Kertzmann and Deckow",2 Riverside Trail,Rev,Sales,https://skyrock.com
Sallyanne,Gersam,,,Gamma Nested,,,,,,,,,,
Lenette,Wimlet,,,alpha,,,,,,,,,,
Tremain,Crossley,,,omega nested,,,,,,,,,,
Nicki,Heller,,,,,,,,,,,,,
Mack,Headland,,,omega nested,,,,,,,,,,
Ulrika,Tennock,+63-524-693-1876,+63 (285) 558-7752,alpha,Gamma Nested,Gamma Nested,PH,Calumpit,3003,"Torp, Farrell and Crist",0 Coleman Lane,Dr,Product Management,http://bigcartel.com
Rosie,Thor,,,omega nested,,,,,,,,,,
Ado,Blaskett,+86-909-349-8054,+502 (288) 305-2643,,alpha,omega nested,CN,Shiliting,,Larkin and Sons,95440 Hagan Parkway,Honorable,Business Development,http://networkadvertising.org
Colan,Nannoni,+55-941-337-9943,+51 (323) 152-2329,,Gamma Nested,beta,BR,Descalvado,13690-000,Littel Inc,3 Oak Way,Dr,Sales,http://loc.gov
Rania,Spawell,,,alpha,,,,,,,,,,
Yancey,Rubinchik,+351-600-502-0891,+92 (936) 112-3243,,alpha,Gamma Nested,PT,Peroguarda,7900-455,"Gorczany, Hahn and Christiansen",3 Pearson Place,Ms,Product Management,https://seattletimes.com
Susette,Smitheram,,,Gamma Nested,,,,,,,,,,
Brendin,Jurries,,,omega nested,,,,,,,,,,
Clair,Burdett,,,alpha,,,,,,,,,,
Roxi,Corner,+33-440-128-5256,+591 (691) 921-1035,,alpha,beta,FR,Saint-Priest,69794 CEDEX,"Rosenbaum, Purdy and Trantow",77345 Schurz Terrace,Dr,Marketing,http://over-blog.com
Chadwick,Lush,,,alpha,,,,,,,,,,
Emilia,Shea,+86-159-906-2668,+1 (824) 810-1172,Gamma Nested,alpha,beta,CN,Zhangbagou,,"Lindgren, Runte and Doyle",4368 Prentice Hill,Mr,Accounting,https://g.co
Truda,de Pinna,+1-841-505-7494,+54 (733) 270-5039,omega nested,alpha,Gamma Nested,AS,Aūa,96799,Wuckert Group,82026 Pierstorff Drive,Rev,Legal,https://mediafire.com
Araldo,Mordanti,+62-937-897-7717,+57 (285) 177-7969,Gamma Nested,omega nested,beta,ID,Puunage,,Tremblay-Herzog,68980 Weeping Birch Court,Mrs,Engineering,http://usnews.com
Lettie,Newling,,,alpha,,,,,,,,,,
Ora,Bowmaker,+234-420-932-4366,+386 (101) 431-8570,Gamma Nested,alpha,Gamma Nested,NG,Oke Mesi,,Cummerata-Jacobi,928 La Follette Pass,Rev,Human Resources,http://unc.edu
Jilli,Doddemeede,+48-711-531-8593,+506 (751) 813-6602,alpha,Gamma Nested,beta,PL,Kuryłówka,37-303,Heller and Sons,56 Huxley Hill,Mrs,Sales,http://cbslocal.com
Sebastian,Sesser,+86-210-108-5664,+86 (832) 557-1980,Gamma Nested,omega nested,alpha,CN,Tangzi,,Lemke-Stehr,3808 Becker Plaza,Honorable,Research and Development,https://ucoz.com
Jemmy,Comolli,,,alpha,,,,,,,,,,
Linet,Goodchild,,,Gamma Nested,,,,,,,,,,
Chelsie,Sunock,+84-543-779-4336,+7 (661) 440-6119,omega nested,Gamma Nested,omega nested,VN,Phú Vang,,Heaney-Hilll,3522 Butternut Hill,Mrs,Accounting,https://bigcartel.com
Clem,Freear,+86-605-504-3060,+62 (664) 386-3527,omega nested,beta,beta,CN,Wa’erma,,Murphy-Stark,544 Clemons Hill,Mrs,Training,http://mail.ru
Neila,Izkovitch,,,Gamma Nested,,,,,,,,,,
Saba,Paler,,,alpha,,,,,,,,,,
Sydelle,Cork,+46-218-530-2340,+86 (621) 594-3871,Gamma Nested,alpha,omega nested,SE,Munkedal,455 31,Zemlak and Sons,89 Everett Parkway,Mr,Legal,https://latimes.com
Kingsly,Medcalf,+51-547-765-1437,+55 (333) 673-9274,,Gamma Nested,omega nested,PE,Mosoc Llacta,,"Dooley, Frami and Wiza",12 Brown Road,Mrs,Marketing,http://businesswire.com
Sonya,Stihl,,,Gamma Nested,,,,,,,,,,
Chance,O'Dempsey,+385-287-135-1862,+86 (127) 620-2322,,Gamma Nested,alpha,HR,Privlaka,32251,Bartell-Morar,9 Graedel Alley,Honorable,Research and Development,http://edublogs.org
Darcy,Mohammed,,,alpha,,,,,,,,,,
Mohammed,Cortnay,+389-698-129-2221,+506 (291) 133-8471,omega nested,alpha,omega nested,MK,Veles,1400,"Schneider, Windler and Harvey",342 Nancy Parkway,Rev,Accounting,https://shop-pro.jp
Conant,Nineham,,,,,,,,,,,,,
Karrah,Tailby,,,omega nested,,,,,,,,,,
Debor,Critcher,+86-757-759-5616,+86 (545) 429-1324,,Gamma Nested,beta,CN,Hantang,,Stark-Nitzsche,28 Fulton Alley,Rev,Marketing,https://cargocollective.com
Shelli,Loads,,,Gamma Nested,,,,,,,,,,
Babb,Capon,+63-451-823-2083,+7 (422) 136-0560,omega nested,omega nested,omega nested,PH,Canomoy,5411,"Little, Carroll and Murazik",9810 Westend Center,Mrs,Human Resources,http://is.gd
Ellette,Portlock,,,,,,,,,,,,,
Stanford,McConnachie,+880-651-849-5395,+966 (760) 826-1296,alpha,omega nested,omega nested,BD,Sarishābāri,2051,Blanda and Sons,7 Bobwhite Pass,Dr,Sales,http://mayoclinic.com
Ervin,Hallyburton,,,beta,,,,,,,,,,
Northrup,Lemerie,,,beta,,,,,,,,,,
Salome,Corker,,,alpha,,,,,,,,,,
Kaycee,Matitiaho,,,,,,,,,,,,,
Pedro,Brehat,,,Gamma Nested,,,,,,,,,,
Hodge,Medlen,+55-431-177-4895,+225 (679) 539-0166,omega nested,alpha,beta,BR,Itaboraí,24800-000,Koss Inc,7442 Vera Circle,Dr,Product Management,https://artisteer.com
Gardner,Strippling,+86-705-740-2175,+33 (945) 966-0055,,beta,beta,CN,Lijie,,Johns Group,924 Oriole Drive,Rev,Accounting,https://un.org
Alistair,Casely,,,alpha,,,,,,,,,,
Chris,Ledwith,,,beta,,,,,,,,,,
Zoe,Prydie,,,omega nested,,,,,,,,,,
Bogey,Pechold,+62-178-595-0969,+33 (788) 785-2679,Gamma Nested,alpha,alpha,ID,Tejakalapa,,Rempel-Satterfield,143 Oneill Road,Ms,Marketing,http://so-net.ne.jp
Cecilia,Bantick,+86-947-783-0704,+62 (848) 652-6411,omega nested,omega nested,Gamma Nested,CN,Changzhou,,Cormier LLC,33 Old Gate Road,Rev,Support,http://yelp.com
Hildegarde,Osbidston,+387-668-659-1321,+358 (756) 886-3251,beta,Gamma Nested,Gamma Nested,BA,Blagaj,,Kovacek and Sons,82 Michigan Hill,Ms,Legal,http://cpanel.net
Dari,Reiners,+66-301-660-2689,+7 (432) 995-5246,beta,Gamma Nested,Gamma Nested,TH,Udon Thani,24000,Cummerata-Wunsch,3 Derek Drive,Honorable,Accounting,https://nba.com
Kattie,Ganning,,,omega nested,,,,,,,,,,
Nicola,Cardiff,,,alpha,,,,,,,,,,
Charles,Scamwell,+63-693-755-9241,+54 (187) 197-8064,Gamma Nested,alpha,omega nested,PH,Calumpang,2307,"Conroy, Braun and Wisoky",91326 Petterle Pass,Rev,Accounting,http://moonfruit.com
Tillie,Owen,+63-900-902-8550,+86 (465) 217-5173,beta,alpha,Gamma Nested,PH,Tambo,1701,Weber-Reynolds,8542 Marcy Terrace,Dr,Accounting,https://privacy.gov.au
Cyrille,Hardingham,,,beta,,,,,,,,,,
Ulrikaumeko,McCurrie,+86-708-735-2450,+63 (344) 232-3633,omega nested,omega nested,Gamma Nested,CN,Guanting,,Parker-Hagenes,33 Hollow Ridge Lane,Mr,Marketing,http://360.cn
Dorelia,Embra,+66-212-961-0951,+62 (702) 680-4993,,omega nested,omega nested,TH,Prachuap Khiri Khan,77120,"Rosenbaum, Wiza and Schmeler",19 Sloan Circle,Ms,Engineering,https://oaic.gov.au
Jacquenetta,Georgeson,,,,,,,,,,,,,
Sayres,Pittwood,+232-221-174-9709,+7 (801) 912-8941,omega nested,omega nested,omega nested,SL,Waterloo,,Cassin-Williamson,293 Schmedeman Lane,Mr,Research and Development,http://devhub.com
Cinderella,Castillon,+963-742-353-4022,+46 (336) 883-5735,beta,omega nested,Gamma Nested,SY,Al Qaryatayn,,Fadel LLC,8 Melrose Lane,Rev,Services,https://ow.ly
Paulita,Jeffrey,+269-156-865-1706,+62 (776) 143-5672,,omega nested,alpha,YT,Tsingoni,97680,Larkin-Ferry,9 Moland Avenue,Dr,Training,http://businessinsider.com
Torey,Culley,,,,,,,,,,,,,
Danni,Gullen,,,,,,,,,,,,,
Lexie,Orbine,,,Gamma Nested,,,,,,,,,,
Judy,McVeighty,+880-532-556-4306,+86 (358) 732-1020,,Gamma Nested,Gamma Nested,BD,Baniachang,3350,"McKenzie, Huel and Will",4 Fuller Drive,Ms,Legal,http://disqus.com
Lockwood,Treppas,+7-620-274-9240,+880 (446) 166-9892,omega nested,Gamma Nested,omega nested,RU,Goryachevodskiy,357560,Weber and Sons,892 Bonner Parkway,Dr,Engineering,https://mtv.com
Randall,Peepall,+33-608-817-9793,+86 (953) 172-7512,,beta,Gamma Nested,FR,Niort,79031 CEDEX 9,Bradtke LLC,99783 Fieldstone Point,Mr,Accounting,http://walmart.com
Arel,O'Keeffe,,,Gamma Nested,,,,,,,,,,
Nicholle,Geale,,,omega nested,,,,,,,,,,
Terri,Hunnicutt,+86-760-367-3820,+63 (449) 714-8859,beta,beta,omega nested,CN,Pukou,,Kihn LLC,5 Mesta Drive,Ms,Product Management,http://facebook.com
Silvan,Tunder,,,omega nested,,,,,,,,,,
Domenico,Langrish,+46-118-383-6016,+57 (849) 222-7078,beta,alpha,omega nested,SE,Stockholm,112 20,Douglas-Lakin,0044 Brown Plaza,Rev,Sales,http://edublogs.org
Dell,Gillbanks,,,omega nested,,,,,,,,,,
Rufus,Easseby,,,Gamma Nested,,,,,,,,,,
Michaelina,Smedmore,,,beta,,,,,,,,,,
Ruth,Demogeot,+63-728-421-1952,+33 (948) 297-7696,omega nested,beta,Gamma Nested,PH,Logon,8410,"Stiedemann, Conn and Pagac",82 Fieldstone Street,Mrs,Engineering,https://patch.com
Meaghan,Flint,,,omega nested,,,,,,,,,,
Wendall,Bartomieu,+86-632-365-5581,+62 (759) 357-1996,alpha,Gamma Nested,Gamma Nested,CN,Zengtian,,Fay and Sons,1 Dryden Point,Ms,Business Development,http://prweb.com
Christel,Goering,+261-968-821-4803,+62 (202) 808-6095,,Gamma Nested,Gamma Nested,MG,Nosy Varika,,Brown and Sons,17209 Bunker Hill Hill,Honorable,Research and Development,https://economist.com
Sally,Bugge,+33-707-311-0995,+86 (485) 890-7548,alpha,omega nested,beta,FR,Paris 08,75374 CEDEX 08,Hodkiewicz-Zboncak,68527 Prairie Rose Center,Rev,Legal,http://theguardian.com
Paolo,MacCart,+226-628-166-4330,+235 (929) 400-2247,Gamma Nested,beta,omega nested,BF,Garango,,Zulauf Group,53 Mockingbird Drive,Rev,Product Management,http://earthlink.net
Beryle,Marchent,,,alpha,,,,,,,,,,
Barnebas,Pacitti,+51-527-920-2518,+63 (432) 651-0500,beta,omega nested,beta,PE,Río Grande,,Koepp Group,127 Ridge Oak Parkway,Dr,Services,https://discovery.com
Jonas,Kenewel,+7-946-945-3496,+358 (876) 868-0517,omega nested,omega nested,Gamma Nested,KZ,Asykata,,"Carroll, Murray and Heller",47 Bluestem Plaza,Honorable,Human Resources,https://redcross.org
Roobbie,Joddens,+48-875-285-4094,+7 (965) 980-8731,,beta,beta,PL,Ochojno,60-222,Orn-McGlynn,71 Kennedy Way,Ms,Engineering,https://craigslist.org
Timofei,Hawsby,+86-105-838-6042,+46 (558) 583-7189,Gamma Nested,omega nested,omega nested,CN,Dingshan,,Rolfson-Glover,25 Cordelia Alley,Mrs,Marketing,https://so-net.ne.jp
Suki,MacCostigan,+58-910-656-3190,+7 (486) 926-1314,,beta,Gamma Nested,VE,Santa Elena de Uairén,,Rempel Group,7 Swallow Lane,Mr,Training,https://typepad.com
Wynnie,Cowell,,,omega nested,,,,,,,,,,
Trixy,Roe,+63-759-594-4404,+7 (439) 207-0176,beta,beta,Gamma Nested,PH,Guagua,2003,"Ratke, Fay and Aufderhar",0 Golden Leaf Hill,Mrs,Research and Development,https://accuweather.com
Krystalle,Farrer,,,beta,,,,,,,,,,
Gard,Allum,+351-429-688-7865,+63 (100) 896-8839,omega nested,alpha,alpha,PT,Regueiro,4960-462,"Schowalter, Krajcik and Wehner",07905 Anniversary Road,Mr,Support,https://fc2.com
Janet,Beedle,,,omega nested,,,,,,,,,,
Rich,Sibthorp,,,Gamma Nested,,,,,,,,,,
Raf,Chislett,+63-908-933-4363,+46 (345) 519-0990,,omega nested,omega nested,PH,Gambalidio,4025,"Wiza, Brekke and Fay",236 Grim Pass,Honorable,Human Resources,https://edublogs.org
See,Millwall,+1-270-496-4967,+1 (181) 667-6142,,Gamma Nested,Gamma Nested,DO,Arroyo Salado,10214,"Lockman, Dickens and Altenwerth",101 Vermont Point,Ms,Research and Development,https://constantcontact.com
Bertha,Fain,+86-650-955-1453,+30 (795) 734-4505,Gamma Nested,omega nested,alpha,CN,Sanzao,,"D'Amore, Fisher and Williamson",50 Di Loreto Center,Ms,Support,http://ibm.com
Rodolfo,Henricsson,,,Gamma Nested,,,,,,,,,,
Bertie,Camelin,,,beta,,,,,,,,,,
Nichol,Langabeer,,,omega nested,,,,,,,,,,
Nichole,Byas,+351-617-994-7982,+66 (599) 234-6554,omega nested,alpha,beta,PT,Cortinhas,4960-320,"Gutmann, Aufderhar and Cronin",7 Kropf Parkway,Ms,Research and Development,http://java.com
Gardy,Gallichan,+86-593-901-3242,+62 (466) 395-0020,,alpha,omega nested,CN,Xiawuqi,,"Nikolaus, Reichel and Jerde",11 Fairfield Alley,Rev,Engineering,https://prlog.org
Daveen,Fulloway,+62-167-493-2478,+81 (323) 843-1420,beta,alpha,Gamma Nested,ID,Pondokrejo Wetan,,McDermott and Sons,9 Mallory Park,Mrs,Marketing,https://techcrunch.com
Louis,Taylor,+86-373-789-8968,+420 (757) 836-3624,beta,beta,beta,CN,Zhanxu,,"Yundt, Schimmel and Bruen",755 Monument Lane,Mr,Training,https://youtu.be
Ailis,Krahl,,,omega nested,,,,,,,,,,
Ardyth,Lempel,+62-256-513-2117,+62 (431) 323-6601,beta,alpha,Gamma Nested,ID,Miribanteng,,Torp-Witting,3213 Roxbury Street,Dr,Sales,https://google.co.uk
Amerigo,Legrand,+7-496-246-3630,+63 (483) 526-8809,,beta,Gamma Nested,RU,Волочаевское,238346,Bartoletti Inc,88 Lakeland Parkway,Honorable,Engineering,http://hc360.com
Cyndia,Pochon,+86-592-928-1496,+47 (293) 525-8119,omega nested,omega nested,beta,CN,Honghai,,"Cummerata, Hettinger and Donnelly",29 Glacier Hill Circle,Mr,Human Resources,http://icio.us
Johanna,Freen,,,omega nested,,,,,,,,,,
Heinrick,Smyley,,,alpha,,,,,,,,,,
Anton,Glasbey,,,omega nested,,,,,,,,,,
Wanda,Goodrum,,,Gamma Nested,,,,,,,,,,
Rosco,Adkin,+7-783-959-1125,+48 (467) 910-4678,Gamma Nested,beta,beta,RU,Manzurka,666217,Swaniawski and Sons,72846 Granby Drive,Dr,Human Resources,https://unc.edu
Odelia,Dulton,,,beta,,,,,,,,,,
Catherina,McAnulty,,,omega nested,,,,,,,,,,
Gery,Riden,,,beta,,,,,,,,,,
Emanuel,Phillipp,,,,,,,,,,,,,
Myrlene,Albro,,,Gamma Nested,,,,,,,,,,
Chuck,Swadden,,,omega nested,,,,,,,,,,
Meg,Todeo,+48-263-662-4483,+1 (363) 178-6262,omega nested,Gamma Nested,omega nested,PL,Mircze,22-530,Effertz-Reynolds,13843 Carey Street,Ms,Sales,http://twitpic.com
Lorant,Minghetti,,,,,,,,,,,,,
Quintin,Berrisford,+51-240-967-6508,+1 (813) 448-6961,beta,omega nested,alpha,PE,Juliaca,,Dooley-Feil,08977 Holmberg Lane,Mr,Legal,https://dailymail.co.uk
Tallie,Haggath,+7-149-483-1642,+1 (471) 828-8195,omega nested,Gamma Nested,omega nested,RU,Volzhsk,363604,West-Leannon,6 Golf Course Trail,Mrs,Research and Development,http://bandcamp.com
Sandor,Couthard,+86-273-713-0151,+86 (182) 154-2387,Gamma Nested,beta,Gamma Nested,CN,Sidu,,"Ortiz, Weber and Green",9 High Crossing Park,Mrs,Engineering,http://fc2.com
Zulema,Boxhall,,,beta,,,,,,,,,,
Minnie,Henderson,+86-110-492-1554,+55 (222) 973-7143,beta,beta,alpha,CN,Litan,,Wuckert Group,2 Victoria Terrace,Rev,Services,https://amazon.de
Anthe,Scryne,+256-409-104-3355,+886 (818) 103-7469,beta,omega nested,omega nested,UG,Pader Palwo,,"Kulas, Lind and Brakus",0144 Lukken Way,Honorable,Legal,https://shinystat.com
Carrie,Dono,+351-273-150-1181,+7 (916) 196-6936,beta,beta,Gamma Nested,PT,Vilares,4745-358,Lehner-Crooks,1 Bunting Way,Mrs,Training,https://bloglovin.com
Tabbie,Scurrer,+691-224-961-9518,+225 (487) 632-9829,Gamma Nested,beta,Gamma Nested,FM,Houk,,"Gorczany, Nolan and Will",7 Dovetail Way,Ms,Legal,http://msn.com
Haven,Polycote,+46-169-367-7712,+62 (751) 316-7624,,alpha,Gamma Nested,SE,Kilafors,823 80,Rowe Inc,60076 Lillian Parkway,Mr,Human Resources,http://wikimedia.org
Issiah,Applegate,,,beta,,,,,,,,,,
Lora,Sheffield,+30-924-801-3713,+359 (542) 382-4390,beta,Gamma Nested,omega nested,GR,Vasilikón,,Schimmel Group,367 Anzinger Hill,Honorable,Accounting,http://answers.com
Valma,Hischke,,,Gamma Nested,,,,,,,,,,
Christophe,Pipes,,,,,,,,,,,,,
Vinni,Manueli,+86-101-545-2722,+86 (576) 293-8967,,beta,beta,CN,Fengxian,,Rice and Sons,955 Lerdahl Parkway,Mr,Human Resources,http://google.co.uk
Clarence,Warr,+63-285-210-4441,+62 (840) 892-0534,,alpha,alpha,PH,Guinobatan,4503,"Bernier, Johnston and McCullough",84 Reinke Avenue,Mr,Human Resources,https://netlog.com
Brien,Mathieson,+86-752-679-3211,+86 (634) 149-2182,alpha,omega nested,alpha,CN,Gaoqiao,,"Douglas, Schmidt and Harber",21328 Fallview Court,Mrs,Research and Development,https://youtube.com
Hillier,Holley,,,beta,,,,,,,,,,
Rosemary,Brooksbank,,,omega nested,,,,,,,,,,
Red,Tinan,,,beta,,,,,,,,,,
Federico,Carruth,+63-203-382-9917,+86 (955) 355-7081,Gamma Nested,Gamma Nested,omega nested,PH,Dicamay,6011,Labadie Inc,310 Prairieview Park,Dr,Engineering,http://engadget.com
Ralina,Taffee,,,omega nested,,,,,,,,,,
Aloysius,Cranmer,+61-142-336-1051,+81 (261) 484-5479,Gamma Nested,omega nested,omega nested,AU,Sydney,1109,Feil-Conroy,28 Autumn Leaf Lane,Honorable,Engineering,http://weather.com
Wilhelm,Lidierth,+62-436-906-1123,+381 (288) 540-0931,omega nested,beta,omega nested,ID,Nglengkong,,"McDermott, Crooks and Reynolds",70 Westerfield Parkway,Rev,Legal,https://studiopress.com
Leena,Brewett,,,,,,,,,,,,,
Kris,Nasi,+63-663-573-1107,+258 (685) 734-9305,Gamma Nested,beta,omega nested,PH,Nalus,9514,Howell-O'Conner,3145 Sage Place,Mrs,Human Resources,https://aol.com
Fabiano,Prise,,,beta,,,,,,,,,,
Neile,Unworth,,,omega nested,,,,,,,,,,
Griffith,Erricker,+86-727-533-8789,+30 (694) 289-1896,omega nested,beta,omega nested,CN,Anren Chengguanzhen,,Dach-Veum,559 Ronald Regan Terrace,Honorable,Research and Development,https://infoseek.co.jp
Whitby,Giacomini,,,beta,,,,,,,,,,
Cara,Sandy,,,omega nested,,,,,,,,,,
Keefe,Bengall,,,omega nested,,,,,,,,,,
Wat,Kluge,,,,,,,,,,,,,
Nikki,Anker,,,Gamma Nested,,,,,,,,,,
Lianne,Earengey,,,omega nested,,,,,,,,,,
Erinn,Lorente,+255-404-859-4855,+353 (322) 774-2970,beta,alpha,alpha,TZ,Usevia,,Morar-Braun,72594 Clove Center,Honorable,Sales,http://zdnet.com
Grady,Slowgrove,+7-158-162-8537,+63 (199) 885-6596,omega nested,beta,beta,RU,Khandagayty,668134,Crooks-Sanford,542 Mariners Cove Court,Honorable,Engineering,http://usa.gov
Tammy,Knapman,,,Gamma Nested,,,,,,,,,,
Nealy,Pinks,,,Gamma Nested,,,,,,,,,,
Daryn,Hastwall,,,Gamma Nested,,,,,,,,,,
Brook,Grono,,,Gamma Nested,,,,,,,,,,
Elbertine,Callf,+86-256-250-8045,+86 (653) 122-8826,beta,omega nested,omega nested,CN,Shuihu,,Collier-Adams,1 Haas Crossing,Dr,Services,https://psu.edu
Colas,Struys,,,alpha,,,,,,,,,,
Shantee,Dawby,,,alpha,,,,,,,,,,
Shaylah,Jahan,,,,,,,,,,,,,
Devy,Dunn,+351-357-295-6865,+62 (700) 898-0323,beta,beta,alpha,PT,Penedono,3630-230,Barton LLC,80139 Carey Trail,Rev,Business Development,https://utexas.edu
Amargo,Frany,,,,,,,,,,,,,
Roxane,Cockshutt,+381-563-487-3953,+62 (297) 639-2591,,Gamma Nested,omega nested,RS,Bukor,,Robel LLC,933 Briar Crest Junction,Mrs,Engineering,https://acquirethisname.com
Marjy,Harteley,,,Gamma Nested,,,,,,,,,,
Chloe,Cereceres,,,omega nested,,,,,,,,,,
Roldan,Gaymar,+998-768-465-0587,+7 (493) 584-2811,beta,omega nested,alpha,UZ,Kegeyli Shahar,,"Bergnaum, Rippin and Bernhard",70798 Kensington Hill,Mr,Sales,http://icq.com
Jeanelle,Fetherstone,+62-932-165-2640,+389 (172) 577-7804,,Gamma Nested,Gamma Nested,ID,Lewoluo,,"Legros, Hammes and Windler",786 Crescent Oaks Junction,Ms,Human Resources,http://prweb.com
Phebe,Cursons,+62-844-969-8418,+62 (756) 184-6534,,omega nested,omega nested,ID,Cibenda,,"Mills, DuBuque and Mueller",6 Basil Terrace,Rev,Business Development,http://businesswire.com
Mac,Schulz,,,Gamma Nested,,,,,,,,,,
Christabella,Trengrouse,,,omega nested,,,,,,,,,,
Merline,Salvatore,,,alpha,,,,,,,,,,
Nahum,Lechmere,,,omega nested,,,,,,,,,,
Nancy,Bevan,+63-527-899-4896,+63 (671) 741-2773,Gamma Nested,alpha,Gamma Nested,PH,Ualog,1703,"Bernhard, Cronin and Conroy",13746 Tony Drive,Ms,Accounting,https://seattletimes.com
Doreen,Wall,+66-485-100-3692,+53 (805) 622-7756,Gamma Nested,alpha,beta,TH,Nong Ki,31210,Hagenes-Cruickshank,0427 Corscot Avenue,Honorable,Services,https://friendfeed.com
Marillin,Casarino,+81-763-830-5265,+63 (928) 492-8902,,beta,omega nested,JP,Ashikaga,374-0079,"Hintz, Hickle and Jones",732 Raven Hill,Rev,Legal,https://earthlink.net
Brig,Swindin,,,beta,,,,,,,,,,
Cece,Piccop,+1-719-774-0821,+86 (677) 461-7570,beta,alpha,beta,US,Colorado Springs,80930,Champlin Inc,222 Eastlawn Point,Ms,Accounting,https://123-reg.co.uk
Artus,Shepherd,,,beta,,,,,,,,,,
Wilhelmine,MacLardie,+7-295-977-7415,+234 (376) 466-0424,omega nested,omega nested,beta,RU,Rasskazovo,301288,"King, Brekke and Cremin",1 Vernon Pass,Rev,Support,https://edublogs.org
Arman,Colpus,,,omega nested,,,,,,,,,,
Maitilde,Salaman,,,alpha,,,,,,,,,,
Kaye,Boutcher,,,alpha,,,,,,,,,,
Gerda,Renfrew,,,beta,,,,,,,,,,
Davina,Feragh,,,Gamma Nested,,,,,,,,,,
Raynor,Glidder,+229-813-660-5648,+351 (743) 386-3141,Gamma Nested,alpha,omega nested,BJ,Tchaourou,,O'Conner LLC,1695 Reinke Place,Mrs,Training,https://springer.com
Lukas,Blanque,,,,,,,,,,,,,
Zandra,McLeman,,,beta,,,,,,,,,,
Jessica,Willimott,,,Gamma Nested,,,,,,,,,,
Johnny,Licquorish,,,omega nested,,,,,,,,,,
Winfred,Scoon,,,omega nested,,,,,,,,,,
Marven,McCullagh,,,omega nested,,,,,,,,,,
Keefer,Iscowitz,,,omega nested,,,,,,,,,,
Kinsley,Whitebrook,+62-275-792-6475,+86 (402) 590-7370,alpha,omega nested,beta,ID,Kesamben,,Hilll Inc,1369 Hansons Road,Mrs,Legal,https://go.com
Garald,Blewett,,,omega nested,,,,,,,,,,
Grissel,Melmeth,,,omega nested,,,,,,,,,,
Tadeas,Vondruska,,,Gamma Nested,,,,,,,,,,
Bar,Ivic,,,Gamma Nested,,,,,,,,,,
Marin,Zarfati,+55-411-820-4711,+62 (710) 408-8294,,beta,Gamma Nested,BR,Inhambupe,48490-000,"Dibbert, Stroman and Grady",964 Northwestern Lane,Mr,Research and Development,https://facebook.com
Velvet,Whissell,+84-709-998-4606,+84 (217) 919-5328,,alpha,beta,VN,Tánh Linh,,"Kihn, Kiehn and Runolfsson",76764 Debra Circle,Rev,Sales,http://issuu.com
Blithe,Maunders,+55-901-429-0444,+48 (204) 460-4672,,beta,alpha,BR,Cafarnaum,44880-000,"Turcotte, Dicki and Jones",8 Summer Ridge Place,Mr,Human Resources,https://umn.edu
Harris,Robbe,+62-652-727-9418,+51 (380) 587-5242,alpha,alpha,alpha,ID,Tebara,,Wiza-Weber,00 Carberry Court,Mrs,Accounting,https://imdb.com
Carlynne,Neeves,,,omega nested,,,,,,,,,,
Stephani,Durtnal,+33-846-483-5755,+86 (936) 465-0183,beta,alpha,alpha,FR,Saint-Étienne,42014 CEDEX 2,Ratke-Considine,87817 Kinsman Avenue,Dr,Training,http://moonfruit.com
Alistair,Kneeland,+57-442-253-7264,+33 (582) 280-8045,Gamma Nested,alpha,alpha,CO,Los Andes,526529,Lehner Group,749 Jana Avenue,Rev,Sales,http://infoseek.co.jp
Clarice,Heggadon,,,alpha,,,,,,,,,,
Lia,Burtonshaw,+509-686-429-9227,+62 (499) 926-8525,alpha,Gamma Nested,alpha,HT,Petite Rivière de Nippes,,Lueilwitz-Collins,67 Cordelia Point,Honorable,Support,https://goodreads.com
Cacilie,Logg,+81-672-144-9570,+265 (131) 872-3918,alpha,omega nested,Gamma Nested,JP,Masuda,999-8201,Kunze Group,0 Crowley Alley,Ms,Business Development,http://google.ru
Yettie,Luker,,,omega nested,,,,,,,,,,
Heloise,Bierton,,,,,,,,,,,,,
Brand,Fowgies,+48-944-109-4246,+351 (572) 852-8971,,Gamma Nested,beta,PL,Pszczew,66-330,"Rolfson, Boehm and Maggio",9053 Pankratz Point,Honorable,Training,http://eventbrite.com
Jackie,Roblin,,,Gamma Nested,,,,,,,,,,
Ulrike,Bussey,+370-822-551-8360,+86 (313) 629-7808,omega nested,alpha,alpha,LT,Šventoji,98044,Robel-Ullrich,958 Packers Alley,Ms,Engineering,https://springer.com
Gerta,Attenbarrow,+81-114-538-6999,+33 (410) 194-0599,beta,omega nested,omega nested,JP,Shirone,950-1262,Carter and Sons,56968 5th Avenue,Dr,Engineering,https://hhs.gov
Agnese,Readwing,+60-648-942-6717,+51 (864) 959-2319,Gamma Nested,Gamma Nested,Gamma Nested,MY,Kuching,93702,"McDermott, Shields and Gibson",22255 Hansons Hill,Ms,Accounting,https://patch.com
Jerrome,Caramuscia,,,alpha,,,,,,,,,,
Lindsey,Semmence,,,beta,,,,,,,,,,
Aldric,Chansonne,,,Gamma Nested,,,,,,,,,,
Tomaso,Gratrix,+34-959-917-4366,+54 (657) 990-7266,alpha,omega nested,omega nested,ES,Lleida,25005,Klocko LLC,734 Cascade Lane,Honorable,Sales,https://nydailynews.com
Ivett,Volleth,+380-118-921-2697,+62 (517) 816-9376,,omega nested,Gamma Nested,UA,Novyy Svit,,Beer LLC,8550 Longview Circle,Honorable,Legal,http://biblegateway.com
Clint,Elis,+261-989-278-1841,+55 (363) 993-7475,Gamma Nested,beta,omega nested,MG,Ambatolampy,,Klein Group,3 Lyons Plaza,Mrs,Marketing,https://webnode.com
Frasco,Baddoe,+62-301-575-0239,+62 (304) 373-3320,beta,omega nested,alpha,ID,Winong,,Buckridge-Schmitt,2 Elmside Terrace,Honorable,Product Management,https://storify.com
Thayne,Beneze,,,,,,,,,,,,,
Margot,Keddie,,,,,,,,,,,,,
Rodrique,Theis,+7-953-192-4498,+92 (967) 436-7039,Gamma Nested,beta,beta,RU,Dvurechensk,624013,Lueilwitz and Sons,8400 Victoria Point,Mr,Engineering,https://amazon.de
Eldredge,Durden,,,Gamma Nested,,,,,,,,,,
Danya,Edgworth,+62-738-819-1406,+420 (300) 879-0109,Gamma Nested,alpha,Gamma Nested,ID,Sekolan,,Braun-Jast,6 5th Road,Ms,Support,http://google.pl
Wesley,Wicks,,,,,,,,,,,,,
Hale,Blaase,+46-420-671-3244,+86 (546) 387-5514,alpha,Gamma Nested,alpha,SE,Sundbyberg,174 59,"Reichel, Monahan and Torphy",581 East Hill,Rev,Accounting,https://angelfire.com
Tye,Iacovielli,,,,,,,,,,,,,
Gale,Hillatt,,,alpha,,,,,,,,,,
Kevina,Jiggen,,,Gamma Nested,,,,,,,,,,
Valery,Leemans,+86-880-282-0397,+60 (968) 844-3704,,Gamma Nested,omega nested,CN,Huangguan,,Botsford and Sons,1 Cambridge Hill,Ms,Product Management,https://wp.com
Judy,Morteo,,,omega nested,,,,,,,,,,
Corliss,Whittlesee,,,,,,,,,,,,,
Aldis,Connikie,,,,,,,,,,,,,
Mara,Dybald,,,alpha,,,,,,,,,,
Darwin,Derisley,,,Gamma Nested,,,,,,,,,,
Neil,Cuttin,+86-600-856-6432,+420 (486) 604-0589,,alpha,omega nested,CN,Damatou,,Osinski-Yundt,17287 Hagan Point,Mrs,Human Resources,https://mapy.cz
Paule,Ingerman,,,beta,,,,,,,,,,
Katheryn,Cromar,+86-146-572-4433,+593 (847) 427-1455,alpha,alpha,omega nested,CN,Sihe,,Rolfson-Homenick,5 Ridge Oak Road,Honorable,Support,http://oakley.com
Marshall,Wetherell,,,Gamma Nested,,,,,,,,,,
Bryn,Keady,+86-460-907-0747,+86 (119) 183-0886,omega nested,alpha,alpha,CN,Xiaochuan,,"Nader, Pouros and Friesen",7034 Red Cloud Hill,Rev,Services,http://netscape.com
Quintus,Rich,+86-246-642-5815,+691 (496) 648-8498,,beta,beta,CN,Linglu,,O'Kon Group,0429 Burrows Street,Ms,Research and Development,http://scribd.com
Andras,Clitsome,+86-860-353-7824,+962 (298) 915-5041,alpha,Gamma Nested,alpha,CN,Honglai,,"Flatley, Jones and O'Hara",06442 Harbort Place,Dr,Services,https://skype.com
Cammi,Colleer,,,Gamma Nested,,,,,,,,,,
